{"images":[{"name":"sprites_0.png"}],"modules":[{"imgIndex":0,"mid":"0x1000","type":0,"x":404,"y":0,"w":213,"h":197,"spriteIndex":0},{"imgIndex":0,"mid":"0x1001","type":0,"x":0,"y":0,"w":201,"h":209,"spriteIndex":0},{"imgIndex":0,"mid":"0x1002","type":0,"x":0,"y":210,"w":183,"h":223,"spriteIndex":0},{"imgIndex":0,"mid":"0x1003","type":0,"x":368,"y":396,"w":167,"h":235,"spriteIndex":0},{"imgIndex":0,"mid":"0x1004","type":0,"x":404,"y":198,"w":213,"h":197,"spriteIndex":0},{"imgIndex":0,"mid":"0x1005","type":0,"x":202,"y":0,"w":201,"h":209,"spriteIndex":0},{"imgIndex":0,"mid":"0x1006","type":0,"x":184,"y":210,"w":183,"h":223,"spriteIndex":0},{"imgIndex":0,"mid":"0x1007","type":0,"x":536,"y":396,"w":167,"h":235,"spriteIndex":0},{"imgIndex":0,"mid":"0x1008","type":0,"x":569,"y":632,"w":88,"h":32,"spriteIndex":0},{"imgIndex":0,"mid":"0x1009","type":0,"x":569,"y":665,"w":88,"h":32,"spriteIndex":0},{"imgIndex":0,"mid":"0x100A","type":0,"x":364,"y":632,"w":204,"h":40,"spriteIndex":0},{"imgIndex":0,"mid":"0x100B","type":0,"x":0,"y":434,"w":149,"h":257,"spriteIndex":0},{"imgIndex":0,"mid":"0x100C","type":0,"x":150,"y":434,"w":106,"h":253,"spriteIndex":0},{"imgIndex":0,"mid":"0x100D","type":0,"x":257,"y":434,"w":106,"h":253,"spriteIndex":0}],"fmodules":[{"fmodulesID":0,"x":-106,"y":-98},{"fmodulesID":1,"x":-100,"y":-104},{"fmodulesID":2,"x":-91,"y":-111},{"fmodulesID":3,"x":-83,"y":-117},{"fmodulesID":4,"x":-106,"y":-98},{"fmodulesID":5,"x":-100,"y":-104},{"fmodulesID":6,"x":-91,"y":-111},{"fmodulesID":7,"x":-83,"y":-117},{"fmodulesID":8,"x":-44,"y":-16},{"fmodulesID":9,"x":-44,"y":-16},{"fmodulesID":10,"x":10,"y":-50},{"fmodulesID":11,"x":-74,"y":-128},{"fmodulesID":12,"x":-53,"y":-126},{"fmodulesID":13,"x":-53,"y":-126}],"frames":[{"rect":[],"fid":"0x2000","fmCount":1,"fmStartIndex":0,"desc":"","spriteIndex":0},{"rect":[],"fid":"0x2001","fmCount":1,"fmStartIndex":1,"desc":"","spriteIndex":0},{"rect":[],"fid":"0x2002","fmCount":1,"fmStartIndex":2,"desc":"","spriteIndex":0},{"rect":[],"fid":"0x2003","fmCount":1,"fmStartIndex":3,"desc":"","spriteIndex":0},{"rect":[],"fid":"0x2004","fmCount":1,"fmStartIndex":4,"desc":"","spriteIndex":0},{"rect":[],"fid":"0x2005","fmCount":1,"fmStartIndex":5,"desc":"","spriteIndex":0},{"rect":[],"fid":"0x2006","fmCount":1,"fmStartIndex":6,"desc":"","spriteIndex":0},{"rect":[],"fid":"0x2007","fmCount":1,"fmStartIndex":7,"desc":"","spriteIndex":0},{"rect":[],"fid":"0x2008","fmCount":1,"fmStartIndex":8,"desc":"right_arrow","spriteIndex":0},{"rect":[],"fid":"0x2009","fmCount":1,"fmStartIndex":9,"desc":"left_arrow","spriteIndex":0},{"rect":[],"fid":"0x200A","fmCount":1,"fmStartIndex":10,"desc":"logo","spriteIndex":0},{"rect":[],"fid":"0x200B","fmCount":1,"fmStartIndex":11,"desc":"mobile","spriteIndex":0},{"rect":[],"fid":"0x200C","fmCount":1,"fmStartIndex":12,"desc":"tilt_left","spriteIndex":0},{"rect":[],"fid":"0x200D","fmCount":1,"fmStartIndex":13,"desc":"tilt_right","spriteIndex":0}],"aframes":[{"rotation":0,"scaleX":100,"scaleY":100,"frameIndex":0,"time":3,"ox":0,"oy":0},{"rotation":0,"scaleX":100,"scaleY":100,"frameIndex":1,"time":3,"ox":0,"oy":0},{"rotation":0,"scaleX":100,"scaleY":100,"frameIndex":2,"time":3,"ox":0,"oy":0},{"rotation":0,"scaleX":100,"scaleY":100,"frameIndex":3,"time":3,"ox":0,"oy":0},{"rotation":0,"scaleX":100,"scaleY":100,"frameIndex":4,"time":3,"ox":0,"oy":0},{"rotation":0,"scaleX":100,"scaleY":100,"frameIndex":5,"time":3,"ox":0,"oy":0},{"rotation":0,"scaleX":100,"scaleY":100,"frameIndex":6,"time":3,"ox":0,"oy":0},{"rotation":0,"scaleX":100,"scaleY":100,"frameIndex":7,"time":3,"ox":0,"oy":0}],"anims":[{"aid":"0x3000","aFramesCount":4,"aFramesStartIndex":0,"desc":"","spriteIndex":0},{"aid":"0x3001","aFramesCount":4,"aFramesStartIndex":4,"desc":"","spriteIndex":0}],"sprites":["ATLAS"]}